timestamp,src_ip,dst_port,packet_size,bytes_out
2026-06-22 08:00:00,192.168.1.103,4444,445,843
2026-06-22 08:00:05,192.168.1.180,4444,563,1169
2026-06-22 08:00:10,192.168.1.93,9999,656,1213
2026-06-22 08:00:15,192.168.1.15,22,534,1256
2026-06-22 08:00:20,192.168.1.107,4444,421,685
2026-06-22 08:00:25,192.168.1.72,9999,438,639
2026-06-22 08:00:30,192.168.1.189,443,475,943
2026-06-22 08:00:35,192.168.1.21,22,440,1432
2026-06-22 08:00:40,192.168.1.103,4444,400,791
2026-06-22 08:00:45,192.168.1.122,80,515,1136
2026-06-22 08:00:50,192.168.1.211,443,477,1136
2026-06-22 08:00:55,192.168.1.215,443,518,1228
2026-06-22 08:01:00,192.168.1.75,9999,618,1499
2026-06-22 08:01:05,192.168.1.203,443,476,1468
2026-06-22 08:01:10,192.168.1.88,22,381,821
2026-06-22 08:01:15,192.168.1.117,4444,460,370
2026-06-22 08:01:20,192.168.1.100,4444,577,796
2026-06-22 08:01:25,192.168.1.104,80,567,1022
2026-06-22 08:01:30,192.168.1.152,9999,551,891
2026-06-22 08:01:35,192.168.1.131,80,437,1590
2026-06-22 08:01:40,192.168.1.150,443,575,1005
2026-06-22 08:01:45,192.168.1.53,80,597,1196
2026-06-22 08:01:50,192.168.1.2,22,430,1065
2026-06-22 08:01:55,192.168.1.88,4444,495,896
2026-06-22 08:02:00,192.168.1.236,443,702,422
2026-06-22 08:02:05,192.168.1.158,80,426,976
2026-06-22 08:02:10,192.168.1.38,9999,329,1976
2026-06-22 08:02:15,192.168.1.130,22,638,626
2026-06-22 08:02:20,192.168.1.192,22,613,455
2026-06-22 08:02:25,192.168.1.188,80,454,1580
2026-06-22 08:02:30,192.168.1.21,4444,488,1222
2026-06-22 08:02:35,192.168.1.161,80,377,1056
2026-06-22 08:02:40,192.168.1.204,443,508,1408
2026-06-22 08:02:45,192.168.1.58,80,616,750
2026-06-22 08:02:50,192.168.1.22,22,445,968
2026-06-22 08:02:55,192.168.1.253,80,587,1286
2026-06-22 08:03:00,192.168.1.236,4444,546,1633
2026-06-22 08:03:05,192.168.1.89,9999,557,649
2026-06-22 08:03:10,192.168.1.49,3389,451,1384
2026-06-22 08:03:15,192.168.1.219,80,464,1114
2026-06-22 08:03:20,192.168.1.59,4444,315,1048
2026-06-22 08:03:25,192.168.1.170,4444,443,997
2026-06-22 08:03:30,192.168.1.220,9999,616,584
2026-06-22 08:03:35,192.168.1.188,22,407,1288
2026-06-22 08:03:40,192.168.1.208,4444,421,765
2026-06-22 08:03:45,192.168.1.15,4444,564,676
2026-06-22 08:03:50,192.168.1.190,4444,540,1265
2026-06-22 08:03:55,192.168.1.190,4444,568,1236
2026-06-22 08:04:00,192.168.1.175,443,383,1023
2026-06-22 08:04:05,192.168.1.190,443,756,1323
2026-06-22 08:04:10,192.168.1.51,22,378,1427
2026-06-22 08:04:15,192.168.1.108,80,515,1392
2026-06-22 08:04:20,192.168.1.55,4444,484,841
2026-06-22 08:04:25,192.168.1.244,9999,381,1304
2026-06-22 08:04:30,192.168.1.64,80,462,1063
2026-06-22 08:04:35,192.168.1.249,9999,502,1517
2026-06-22 08:04:40,192.168.1.131,80,435,962
2026-06-22 08:04:45,192.168.1.229,22,593,893
2026-06-22 08:04:50,192.168.1.51,4444,483,815
2026-06-22 08:04:55,192.168.1.135,4444,365,1056
2026-06-22 08:05:00,192.168.1.21,3389,357,1140
2026-06-22 08:05:05,192.168.1.73,9999,560,1145
2026-06-22 08:05:10,192.168.1.167,80,351,1104
2026-06-22 08:05:15,192.168.1.18,80,531,1201
2026-06-22 08:05:20,192.168.1.132,443,544,933
2026-06-22 08:05:25,192.168.1.89,3389,400,738
2026-06-22 08:05:30,192.168.1.60,443,589,712
2026-06-22 08:05:35,192.168.1.14,443,328,1292
2026-06-22 08:05:40,192.168.1.242,443,529,1141
2026-06-22 08:05:45,192.168.1.250,9999,495,443
2026-06-22 08:05:50,192.168.1.9,9999,488,1329
2026-06-22 08:05:55,192.168.1.90,22,382,1564
2026-06-22 08:06:00,192.168.1.53,22,406,785
2026-06-22 08:06:05,192.168.1.130,443,661,1100
2026-06-22 08:06:10,192.168.1.84,3389,621,857
2026-06-22 08:06:15,192.168.1.92,80,574,1188
2026-06-22 08:06:20,192.168.1.111,9999,593,650
2026-06-22 08:06:25,192.168.1.188,3389,584,978
2026-06-22 08:06:30,192.168.1.199,4444,467,1294
2026-06-22 08:06:35,192.168.1.172,9999,504,1370
2026-06-22 08:06:40,192.168.1.253,9999,352,1127
2026-06-22 08:06:45,192.168.1.8,22,491,898
2026-06-22 08:06:50,192.168.1.175,80,618,522
2026-06-22 08:06:55,192.168.1.35,80,433,772
2026-06-22 08:07:00,192.168.1.206,4444,602,859
2026-06-22 08:07:05,192.168.1.81,4444,509,790
2026-06-22 08:07:10,192.168.1.164,9999,361,1017
2026-06-22 08:07:15,192.168.1.50,443,389,897
2026-06-22 08:07:20,192.168.1.104,22,591,1051
2026-06-22 08:07:25,192.168.1.132,22,555,1360
2026-06-22 08:07:30,192.168.1.2,9999,510,878
2026-06-22 08:07:35,192.168.1.254,3389,472,585
2026-06-22 08:07:40,192.168.1.134,443,521,789
2026-06-22 08:07:45,192.168.1.54,9999,588,1175
2026-06-22 08:07:50,192.168.1.106,443,647,1203
2026-06-22 08:07:55,192.168.1.4,443,652,1121
2026-06-22 08:08:00,192.168.1.54,443,537,1390
2026-06-22 08:08:05,192.168.1.221,9999,482,944
2026-06-22 08:08:10,192.168.1.191,22,514,1615
2026-06-22 08:08:15,192.168.1.146,22,552,1245
2026-06-22 08:08:20,192.168.1.218,443,551,242
2026-06-22 08:08:25,192.168.1.44,3389,630,1540
2026-06-22 08:08:30,192.168.1.162,80,711,769
2026-06-22 08:08:35,192.168.1.202,9999,479,689
2026-06-22 08:08:40,192.168.1.190,80,715,1157
2026-06-22 08:08:45,192.168.1.228,3389,617,478
2026-06-22 08:08:50,192.168.1.14,9999,489,791
2026-06-22 08:08:55,192.168.1.95,443,649,1467
2026-06-22 08:09:00,192.168.1.48,22,668,1166
2026-06-22 08:09:05,192.168.1.15,80,453,1243
2026-06-22 08:09:10,192.168.1.200,4444,673,802
2026-06-22 08:09:15,192.168.1.206,4444,607,538
2026-06-22 08:09:20,192.168.1.215,3389,736,1212
2026-06-22 08:09:25,192.168.1.252,443,457,1279
2026-06-22 08:09:30,192.168.1.249,80,464,1265
2026-06-22 08:09:35,192.168.1.190,443,297,1062
2026-06-22 08:09:40,192.168.1.40,80,557,709
2026-06-22 08:09:45,192.168.1.213,3389,537,1731
2026-06-22 08:09:50,192.168.1.208,3389,443,1143
2026-06-22 08:09:55,192.168.1.237,4444,491,947
2026-06-22 08:10:00,192.168.1.82,443,368,949
2026-06-22 08:10:05,192.168.1.111,9999,619,1044
2026-06-22 08:10:10,192.168.1.53,4444,451,1320
2026-06-22 08:10:15,192.168.1.24,443,809,1056
2026-06-22 08:10:20,192.168.1.154,4444,482,1257
2026-06-22 08:10:25,192.168.1.217,9999,424,1045
2026-06-22 08:10:30,192.168.1.252,22,458,966
2026-06-22 08:10:35,192.168.1.188,22,358,1192
2026-06-22 08:10:40,192.168.1.124,22,548,1180
2026-06-22 08:10:45,192.168.1.237,22,458,949
2026-06-22 08:10:50,192.168.1.41,80,613,775
2026-06-22 08:10:55,192.168.1.157,22,472,1102
2026-06-22 08:11:00,192.168.1.15,9999,638,1023
2026-06-22 08:11:05,192.168.1.45,3389,575,833
2026-06-22 08:11:10,192.168.1.65,3389,502,747
2026-06-22 08:11:15,192.168.1.89,80,658,1123
2026-06-22 08:11:20,192.168.1.71,22,595,1165
2026-06-22 08:11:25,192.168.1.9,22,794,891
2026-06-22 08:11:30,192.168.1.88,22,459,826
2026-06-22 08:11:35,192.168.1.129,4444,507,750
2026-06-22 08:11:40,192.168.1.236,443,656,1114
2026-06-22 08:11:45,192.168.1.136,4444,345,758
2026-06-22 08:11:50,192.168.1.216,443,631,1672
2026-06-22 08:11:55,192.168.1.63,22,543,876
2026-06-22 08:12:00,192.168.1.139,22,411,272
2026-06-22 08:12:05,192.168.1.243,4444,363,990
2026-06-22 08:12:10,192.168.1.81,4444,432,978
2026-06-22 08:12:15,192.168.1.136,443,271,1333
2026-06-22 08:12:20,192.168.1.163,3389,451,1086
2026-06-22 08:12:25,192.168.1.163,443,562,749
2026-06-22 08:12:30,192.168.1.33,4444,452,914
2026-06-22 08:12:35,192.168.1.123,9999,638,1098
2026-06-22 08:12:40,192.168.1.5,4444,665,350
2026-06-22 08:12:45,192.168.1.234,9999,627,1401
2026-06-22 08:12:50,192.168.1.231,80,523,750
2026-06-22 08:12:55,192.168.1.250,4444,267,1425
2026-06-22 08:13:00,192.168.1.41,80,429,1117
2026-06-22 08:13:05,192.168.1.28,3389,485,1188
2026-06-22 08:13:10,192.168.1.135,443,410,1344
2026-06-22 08:13:15,192.168.1.201,9999,486,1171
2026-06-22 08:13:20,192.168.1.72,443,661,1201
2026-06-22 08:13:25,192.168.1.12,80,335,950
2026-06-22 08:13:30,192.168.1.162,9999,681,1111
2026-06-22 08:13:35,192.168.1.33,443,588,823
2026-06-22 08:13:40,192.168.1.48,4444,526,896
2026-06-22 08:13:45,192.168.1.247,22,428,1589
2026-06-22 08:13:50,192.168.1.151,80,412,757
2026-06-22 08:13:55,192.168.1.62,443,337,1046
2026-06-22 08:14:00,192.168.1.216,80,671,1034
2026-06-22 08:14:05,192.168.1.37,80,653,906
2026-06-22 08:14:10,192.168.1.99,9999,359,1154
2026-06-22 08:14:15,192.168.1.172,9999,444,1176
2026-06-22 08:14:20,192.168.1.104,22,543,722
2026-06-22 08:14:25,192.168.1.214,4444,470,1030
2026-06-22 08:14:30,192.168.1.219,80,308,675
2026-06-22 08:14:35,192.168.1.35,443,434,1236
2026-06-22 08:14:40,192.168.1.193,3389,695,1052
2026-06-22 08:14:45,192.168.1.227,80,441,1024
2026-06-22 08:14:50,192.168.1.101,80,483,1197
2026-06-22 08:14:55,192.168.1.175,22,385,917
2026-06-22 08:15:00,192.168.1.206,4444,558,1274
2026-06-22 08:15:05,192.168.1.131,3389,511,715
2026-06-22 08:15:10,192.168.1.1,9999,425,1423
2026-06-22 08:15:15,192.168.1.5,9999,369,834
2026-06-22 08:15:20,192.168.1.218,443,640,491
2026-06-22 08:15:25,192.168.1.247,3389,339,901
2026-06-22 08:15:30,192.168.1.142,9999,550,867
2026-06-22 08:15:35,192.168.1.103,443,284,899
2026-06-22 08:15:40,192.168.1.27,4444,570,1069
2026-06-22 08:15:45,192.168.1.137,443,597,1329
2026-06-22 08:15:50,192.168.1.207,9999,609,942
2026-06-22 08:15:55,192.168.1.15,22,483,792
2026-06-22 08:16:00,192.168.1.90,22,658,662
2026-06-22 08:16:05,192.168.1.42,22,730,859
2026-06-22 08:16:10,192.168.1.124,9999,467,433
2026-06-22 08:16:15,192.168.1.205,22,454,782
2026-06-22 08:16:20,192.168.1.179,3389,514,1373
2026-06-22 08:16:25,192.168.1.63,4444,452,752
2026-06-22 08:16:30,192.168.1.96,443,437,1188
2026-06-22 08:16:35,192.168.1.231,443,446,632
2026-06-22 08:16:40,192.168.1.241,9999,671,1531
2026-06-22 08:16:45,192.168.1.52,22,577,1551
2026-06-22 08:16:50,192.168.1.253,22,451,1177
2026-06-22 08:16:55,192.168.1.96,80,254,1597
2026-06-22 08:17:00,192.168.1.132,4444,345,1106
2026-06-22 08:17:05,192.168.1.222,3389,550,1230
2026-06-22 08:17:10,192.168.1.229,443,287,1378
2026-06-22 08:17:15,192.168.1.151,80,529,1053
2026-06-22 08:17:20,192.168.1.231,80,393,534
2026-06-22 08:17:25,192.168.1.237,9999,509,1236
2026-06-22 08:17:30,192.168.1.143,443,506,858
2026-06-22 08:17:35,192.168.1.171,9999,512,880
2026-06-22 08:17:40,192.168.1.29,3389,460,1089
2026-06-22 08:17:45,192.168.1.36,80,457,1169
2026-06-22 08:17:50,192.168.1.13,80,427,1045
2026-06-22 08:17:55,192.168.1.160,4444,548,1190
2026-06-22 08:18:00,192.168.1.71,3389,580,787
2026-06-22 08:18:05,192.168.1.187,80,378,987
2026-06-22 08:18:10,192.168.1.243,3389,494,1254
2026-06-22 08:18:15,192.168.1.86,443,519,1531
2026-06-22 08:18:20,192.168.1.28,22,518,1637
2026-06-22 08:18:25,192.168.1.66,80,516,1129
2026-06-22 08:18:30,192.168.1.170,4444,459,1252
2026-06-22 08:18:35,192.168.1.45,443,527,1594
2026-06-22 08:18:40,192.168.1.62,3389,561,798
2026-06-22 08:18:45,192.168.1.185,9999,514,1188
2026-06-22 08:18:50,192.168.1.245,443,550,1230
2026-06-22 08:18:55,192.168.1.134,80,599,1434
2026-06-22 08:19:00,192.168.1.28,3389,314,658
2026-06-22 08:19:05,192.168.1.28,22,594,718
2026-06-22 08:19:10,192.168.1.108,443,534,1006
2026-06-22 08:19:15,192.168.1.44,80,388,1113
2026-06-22 08:19:20,192.168.1.84,4444,580,1336
2026-06-22 08:19:25,192.168.1.30,9999,460,1155
2026-06-22 08:19:30,192.168.1.190,3389,473,954
2026-06-22 08:19:35,192.168.1.75,443,449,1124
2026-06-22 08:19:40,192.168.1.128,443,530,1090
2026-06-22 08:19:45,192.168.1.250,22,421,1523
2026-06-22 08:19:50,192.168.1.247,22,590,1049
2026-06-22 08:19:55,192.168.1.92,4444,486,885
2026-06-22 08:20:00,192.168.1.217,9999,463,1134
2026-06-22 08:20:05,192.168.1.231,4444,575,1059
2026-06-22 08:20:10,192.168.1.190,80,468,528
2026-06-22 08:20:15,192.168.1.225,80,594,995
2026-06-22 08:20:20,192.168.1.129,4444,597,969
2026-06-22 08:20:25,192.168.1.121,9999,366,836
2026-06-22 08:20:30,192.168.1.27,4444,610,1310
2026-06-22 08:20:35,192.168.1.190,9999,353,764
2026-06-22 08:20:40,192.168.1.121,9999,617,1136
2026-06-22 08:20:45,192.168.1.116,3389,702,955
2026-06-22 08:20:50,192.168.1.205,9999,587,1032
2026-06-22 08:20:55,192.168.1.233,22,284,1123
2026-06-22 08:21:00,192.168.1.3,9999,606,607
2026-06-22 08:21:05,192.168.1.103,9999,724,1057
2026-06-22 08:21:10,192.168.1.198,9999,469,1686
2026-06-22 08:21:15,192.168.1.200,80,496,532
2026-06-22 08:21:20,192.168.1.155,22,381,982
2026-06-22 08:21:25,192.168.1.137,22,531,1336
2026-06-22 08:21:30,192.168.1.62,4444,626,1090
2026-06-22 08:21:35,192.168.1.165,3389,569,1206
2026-06-22 08:21:40,192.168.1.225,9999,814,287
2026-06-22 08:21:45,192.168.1.51,443,503,1179
2026-06-22 08:21:50,192.168.1.234,3389,336,771
2026-06-22 08:21:55,192.168.1.172,3389,517,1092
2026-06-22 08:22:00,192.168.1.152,22,258,991
2026-06-22 08:22:05,192.168.1.207,3389,446,1683
2026-06-22 08:22:10,192.168.1.59,9999,662,1164
2026-06-22 08:22:15,192.168.1.118,9999,532,966
2026-06-22 08:22:20,192.168.1.160,80,517,547
2026-06-22 08:22:25,192.168.1.96,9999,682,1036
2026-06-22 08:22:30,192.168.1.216,9999,472,1246
2026-06-22 08:22:35,192.168.1.233,22,626,975
2026-06-22 08:22:40,192.168.1.180,9999,512,848
2026-06-22 08:22:45,192.168.1.113,80,538,828
2026-06-22 08:22:50,192.168.1.62,443,378,1160
2026-06-22 08:22:55,192.168.1.241,22,451,1227
2026-06-22 08:23:00,192.168.1.186,443,360,1408
2026-06-22 08:23:05,192.168.1.52,22,490,701
2026-06-22 08:23:10,192.168.1.12,4444,539,1157
2026-06-22 08:23:15,192.168.1.254,3389,388,963
2026-06-22 08:23:20,192.168.1.39,4444,704,972
2026-06-22 08:23:25,192.168.1.130,9999,527,1120
2026-06-22 08:23:30,192.168.1.131,443,505,1122
2026-06-22 08:23:35,192.168.1.113,9999,576,1158
2026-06-22 08:23:40,192.168.1.101,3389,417,682
2026-06-22 08:23:45,192.168.1.113,22,516,775
2026-06-22 08:23:50,192.168.1.184,3389,428,1445
2026-06-22 08:23:55,192.168.1.81,80,655,933
2026-06-22 08:24:00,192.168.1.187,3389,394,1091
2026-06-22 08:24:05,192.168.1.113,80,506,1316
2026-06-22 08:24:10,192.168.1.2,3389,532,1139
2026-06-22 08:24:15,192.168.1.130,80,539,1163
2026-06-22 08:24:20,192.168.1.220,443,441,1268
2026-06-22 08:24:25,192.168.1.54,9999,410,365
2026-06-22 08:24:30,192.168.1.87,9999,443,853
2026-06-22 08:24:35,192.168.1.229,4444,552,1140
2026-06-22 08:24:40,192.168.1.224,9999,485,1416
2026-06-22 08:24:45,192.168.1.225,22,579,1019
2026-06-22 08:24:50,192.168.1.129,3389,547,746
2026-06-22 08:24:55,192.168.1.147,4444,272,754
2026-06-22 08:25:00,192.168.1.126,22,524,1265
2026-06-22 08:25:05,192.168.1.130,22,725,934
2026-06-22 08:25:10,192.168.1.53,80,632,997
2026-06-22 08:25:15,192.168.1.172,9999,542,1184
2026-06-22 08:25:20,192.168.1.218,443,394,129
2026-06-22 08:25:25,192.168.1.160,443,547,1600
2026-06-22 08:25:30,192.168.1.198,4444,573,780
2026-06-22 08:25:35,192.168.1.160,443,474,1072
2026-06-22 08:25:40,192.168.1.247,3389,531,488
2026-06-22 08:25:45,192.168.1.68,443,650,873
2026-06-22 08:25:50,192.168.1.183,4444,414,1373
2026-06-22 08:25:55,192.168.1.203,443,394,425
2026-06-22 08:26:00,192.168.1.184,3389,569,1337
2026-06-22 08:26:05,192.168.1.123,80,545,917
2026-06-22 08:26:10,192.168.1.145,4444,602,1146
2026-06-22 08:26:15,192.168.1.38,80,556,1197
2026-06-22 08:26:20,192.168.1.24,80,443,1132
2026-06-22 08:26:25,192.168.1.69,80,543,740
2026-06-22 08:26:30,192.168.1.116,22,385,890
2026-06-22 08:26:35,192.168.1.98,9999,474,561
2026-06-22 08:26:40,192.168.1.198,22,550,1147
2026-06-22 08:26:45,192.168.1.214,9999,463,1510
2026-06-22 08:26:50,192.168.1.139,80,746,452
2026-06-22 08:26:55,192.168.1.240,4444,310,771
2026-06-22 08:27:00,192.168.1.144,9999,445,945
2026-06-22 08:27:05,192.168.1.97,3389,406,1052
2026-06-22 08:27:10,192.168.1.201,3389,429,1263
2026-06-22 08:27:15,192.168.1.124,443,435,954
2026-06-22 08:27:20,192.168.1.187,9999,367,905
2026-06-22 08:27:25,192.168.1.70,4444,575,1330
2026-06-22 08:27:30,192.168.1.208,22,445,1198
2026-06-22 08:27:35,192.168.1.93,80,516,1161
2026-06-22 08:27:40,192.168.1.3,443,456,1033
2026-06-22 08:27:45,192.168.1.148,3389,430,1294
2026-06-22 08:27:50,192.168.1.252,22,667,803
2026-06-22 08:27:55,192.168.1.187,22,592,762
2026-06-22 08:28:00,192.168.1.164,80,313,1223
2026-06-22 08:28:05,192.168.1.147,9999,302,512
2026-06-22 08:28:10,192.168.1.90,3389,604,1027
2026-06-22 08:28:15,192.168.1.195,4444,448,905
2026-06-22 08:28:20,192.168.1.147,22,335,578
2026-06-22 08:28:25,192.168.1.148,80,604,720
2026-06-22 08:28:30,192.168.1.96,4444,516,967
2026-06-22 08:28:35,192.168.1.199,9999,525,1310
2026-06-22 08:28:40,192.168.1.52,3389,580,804
2026-06-22 08:28:45,192.168.1.233,9999,369,1364
2026-06-22 08:28:50,192.168.1.161,22,336,1018
2026-06-22 08:28:55,192.168.1.168,4444,658,1393
2026-06-22 08:29:00,192.168.1.128,4444,356,818
2026-06-22 08:29:05,192.168.1.39,4444,377,985
2026-06-22 08:29:10,192.168.1.82,22,397,1110
2026-06-22 08:29:15,192.168.1.104,22,707,946
2026-06-22 08:29:20,192.168.1.129,9999,549,1285
2026-06-22 08:29:25,192.168.1.11,443,596,337
2026-06-22 08:29:30,192.168.1.220,9999,519,1726
2026-06-22 08:29:35,192.168.1.185,3389,439,1257
2026-06-22 08:29:40,192.168.1.217,80,563,947
2026-06-22 08:29:45,192.168.1.178,4444,344,834
2026-06-22 08:29:50,192.168.1.151,443,390,740
2026-06-22 08:29:55,192.168.1.159,80,573,1193
2026-06-22 08:30:00,192.168.1.222,443,364,1298
2026-06-22 08:30:05,192.168.1.42,9999,481,951
2026-06-22 08:30:10,192.168.1.99,22,485,1332
2026-06-22 08:30:15,192.168.1.7,4444,447,727
2026-06-22 08:30:20,192.168.1.252,9999,304,674
2026-06-22 08:30:25,192.168.1.144,80,437,1544
2026-06-22 08:30:30,192.168.1.90,80,417,1177
2026-06-22 08:30:35,192.168.1.112,80,516,1419
2026-06-22 08:30:40,192.168.1.249,80,511,743
2026-06-22 08:30:45,192.168.1.244,80,537,722
2026-06-22 08:30:50,192.168.1.60,443,432,892
2026-06-22 08:30:55,192.168.1.113,9999,552,752
2026-06-22 08:31:00,192.168.1.2,4444,344,1211
2026-06-22 08:31:05,192.168.1.129,22,317,774
2026-06-22 08:31:10,192.168.1.48,22,266,648
2026-06-22 08:31:15,192.168.1.254,9999,450,1042
2026-06-22 08:31:20,192.168.1.140,9999,424,613
2026-06-22 08:31:25,192.168.1.197,22,578,460
2026-06-22 08:31:30,192.168.1.37,22,435,1039
2026-06-22 08:31:35,192.168.1.160,443,527,475
2026-06-22 08:31:40,192.168.1.251,3389,581,1232
2026-06-22 08:31:45,192.168.1.247,4444,431,581
2026-06-22 08:31:50,192.168.1.9,80,529,327
2026-06-22 08:31:55,192.168.1.233,3389,600,911
2026-06-22 08:32:00,192.168.1.99,9999,376,1043
2026-06-22 08:32:05,192.168.1.147,22,502,1147
2026-06-22 08:32:10,192.168.1.48,3389,431,1051
2026-06-22 08:32:15,192.168.1.208,4444,382,682
2026-06-22 08:32:20,192.168.1.131,9999,346,1213
2026-06-22 08:32:25,192.168.1.148,80,380,1288
2026-06-22 08:32:30,192.168.1.152,80,506,638
2026-06-22 08:32:35,192.168.1.54,4444,338,945
2026-06-22 08:32:40,192.168.1.120,4444,444,917
2026-06-22 08:32:45,192.168.1.161,22,581,1066
2026-06-22 08:32:50,192.168.1.152,80,544,938
2026-06-22 08:32:55,192.168.1.116,9999,446,979
2026-06-22 08:33:00,192.168.1.75,3389,668,1192
2026-06-22 08:33:05,192.168.1.113,9999,689,665
2026-06-22 08:33:10,192.168.1.200,443,502,1221
2026-06-22 08:33:15,192.168.1.164,443,253,1342
2026-06-22 08:33:20,192.168.1.166,4444,588,1490
2026-06-22 08:33:25,192.168.1.104,22,270,356
2026-06-22 08:33:30,192.168.1.84,443,647,945
2026-06-22 08:33:35,192.168.1.254,80,608,410
2026-06-22 08:33:40,192.168.1.227,9999,677,269
2026-06-22 08:33:45,192.168.1.112,9999,526,1043
2026-06-22 08:33:50,192.168.1.254,4444,463,880
2026-06-22 08:33:55,192.168.1.217,3389,454,1089
2026-06-22 08:34:00,192.168.1.99,4444,445,1145
2026-06-22 08:34:05,192.168.1.153,3389,598,1374
2026-06-22 08:34:10,192.168.1.93,4444,571,1016
2026-06-22 08:34:15,192.168.1.146,4444,512,1877
2026-06-22 08:34:20,192.168.1.128,4444,427,1091
2026-06-22 08:34:25,192.168.1.110,3389,762,1552
2026-06-22 08:34:30,192.168.1.82,3389,591,300
2026-06-22 08:34:35,192.168.1.194,4444,340,1404
2026-06-22 08:34:40,192.168.1.54,443,448,945
2026-06-22 08:34:45,192.168.1.163,22,593,415
2026-06-22 08:34:50,192.168.1.208,22,420,1126
2026-06-22 08:34:55,192.168.1.189,22,535,909
2026-06-22 08:35:00,192.168.1.169,3389,595,1174
2026-06-22 08:35:05,192.168.1.228,3389,161,1303
2026-06-22 08:35:10,192.168.1.161,443,489,553
2026-06-22 08:35:15,192.168.1.68,22,493,1304
2026-06-22 08:35:20,192.168.1.33,22,458,1001
2026-06-22 08:35:25,192.168.1.142,4444,530,1405
2026-06-22 08:35:30,192.168.1.21,3389,565,938
2026-06-22 08:35:35,192.168.1.48,22,514,858
2026-06-22 08:35:40,192.168.1.148,9999,462,1008
2026-06-22 08:35:45,192.168.1.248,443,563,1030
2026-06-22 08:35:50,192.168.1.128,9999,504,801
2026-06-22 08:35:55,192.168.1.136,9999,476,851
2026-06-22 08:36:00,192.168.1.135,443,368,631
2026-06-22 08:36:05,192.168.1.195,9999,343,869
2026-06-22 08:36:10,192.168.1.145,22,366,1202
2026-06-22 08:36:15,192.168.1.128,3389,527,958
2026-06-22 08:36:20,192.168.1.33,443,492,1302
2026-06-22 08:36:25,192.168.1.176,4444,351,944
2026-06-22 08:36:30,192.168.1.204,9999,564,570
2026-06-22 08:36:35,192.168.1.187,443,637,1179
2026-06-22 08:36:40,192.168.1.115,80,440,797
2026-06-22 08:36:45,192.168.1.214,80,325,929
2026-06-22 08:36:50,192.168.1.119,3389,429,1371
2026-06-22 08:36:55,192.168.1.22,22,585,651
2026-06-22 08:37:00,192.168.1.238,3389,554,1049
2026-06-22 08:37:05,192.168.1.158,3389,407,987
2026-06-22 08:37:10,192.168.1.38,3389,652,1210
2026-06-22 08:37:15,192.168.1.230,3389,634,1256
2026-06-22 08:37:20,192.168.1.109,4444,426,1079
2026-06-22 08:37:25,192.168.1.51,4444,425,891
2026-06-22 08:37:30,192.168.1.182,443,440,1142
2026-06-22 08:37:35,192.168.1.8,80,449,1400
2026-06-22 08:37:40,192.168.1.27,3389,595,991
2026-06-22 08:37:45,192.168.1.27,443,542,919
2026-06-22 08:37:50,192.168.1.226,80,587,1116
2026-06-22 08:37:55,192.168.1.21,9999,567,1011
2026-06-22 08:38:00,192.168.1.30,22,671,598
2026-06-22 08:38:05,192.168.1.97,4444,394,1071
2026-06-22 08:38:10,192.168.1.28,9999,538,595
2026-06-22 08:38:15,192.168.1.111,80,282,1112
2026-06-22 08:38:20,192.168.1.192,9999,368,760
2026-06-22 08:38:25,192.168.1.225,22,492,1011
2026-06-22 08:38:30,192.168.1.197,80,541,1117
2026-06-22 08:38:35,192.168.1.252,9999,489,1736
2026-06-22 08:38:40,192.168.1.61,4444,443,1222
2026-06-22 08:38:45,192.168.1.48,4444,461,1409
2026-06-22 08:38:50,192.168.1.147,443,636,1561
2026-06-22 08:38:55,192.168.1.4,9999,461,1146
2026-06-22 08:39:00,192.168.1.35,3389,674,1085
2026-06-22 08:39:05,192.168.1.192,9999,579,679
2026-06-22 08:39:10,192.168.1.49,80,545,965
2026-06-22 08:39:15,192.168.1.17,80,380,783
2026-06-22 08:39:20,192.168.1.172,9999,593,879
2026-06-22 08:39:25,192.168.1.220,22,450,1561
2026-06-22 08:39:30,192.168.1.158,4444,380,1034
2026-06-22 08:39:35,192.168.1.221,80,551,737
2026-06-22 08:39:40,192.168.1.46,4444,361,1412
2026-06-22 08:39:45,192.168.1.117,80,423,1286
2026-06-22 08:39:50,192.168.1.6,443,498,1302
2026-06-22 08:39:55,192.168.1.99,3389,721,398
2026-06-22 08:40:00,192.168.1.124,80,431,1584
2026-06-22 08:40:05,192.168.1.233,4444,454,832
2026-06-22 08:40:10,192.168.1.37,443,573,1233
2026-06-22 08:40:15,192.168.1.24,80,376,1757
2026-06-22 08:40:20,192.168.1.93,22,544,1646
2026-06-22 08:40:25,192.168.1.241,3389,620,706
2026-06-22 08:40:30,192.168.1.46,80,469,566
2026-06-22 08:40:35,192.168.1.181,443,602,1429
2026-06-22 08:40:40,192.168.1.95,22,529,1042
2026-06-22 08:40:45,192.168.1.99,9999,426,849
2026-06-22 08:40:50,192.168.1.188,443,480,1186
2026-06-22 08:40:55,192.168.1.225,443,462,951
2026-06-22 08:41:00,192.168.1.116,22,491,1210
2026-06-22 08:41:05,192.168.1.191,443,515,1020
2026-06-22 08:41:10,192.168.1.253,22,558,1216
2026-06-22 08:41:15,192.168.1.213,80,550,731
2026-06-22 08:41:20,192.168.1.160,22,256,1427
2026-06-22 08:41:25,192.168.1.215,22,490,1209
2026-06-22 08:41:30,192.168.1.161,3389,349,1193
2026-06-22 08:41:35,192.168.1.67,22,472,664
2026-06-22 08:41:40,192.168.1.128,22,487,1509
2026-06-22 08:41:45,192.168.1.18,9999,597,995
2026-06-22 08:41:50,192.168.1.25,80,496,1218
2026-06-22 08:41:55,192.168.1.234,3389,525,903
2026-06-22 08:42:00,192.168.1.223,9999,579,1078
2026-06-22 08:42:05,192.168.1.54,4444,622,1089
2026-06-22 08:42:10,192.168.1.58,80,487,154
2026-06-22 08:42:15,192.168.1.67,80,509,1174
2026-06-22 08:42:20,192.168.1.104,4444,501,1589
2026-06-22 08:42:25,192.168.1.174,22,445,1161
2026-06-22 08:42:30,192.168.1.24,9999,423,712
2026-06-22 08:42:35,192.168.1.114,443,272,1194
2026-06-22 08:42:40,192.168.1.32,3389,392,1317
2026-06-22 08:42:45,192.168.1.175,443,322,1153
2026-06-22 08:42:50,192.168.1.86,4444,625,977
2026-06-22 08:42:55,192.168.1.151,80,518,927
2026-06-22 08:43:00,192.168.1.194,80,487,926
2026-06-22 08:43:05,192.168.1.127,3389,428,1209
2026-06-22 08:43:10,192.168.1.155,80,502,577
2026-06-22 08:43:15,192.168.1.234,80,415,888
2026-06-22 08:43:20,192.168.1.130,3389,517,1478
2026-06-22 08:43:25,192.168.1.218,9999,524,1490
2026-06-22 08:43:30,192.168.1.17,9999,413,556
2026-06-22 08:43:35,192.168.1.104,3389,411,660
2026-06-22 08:43:40,192.168.1.161,4444,596,918
2026-06-22 08:43:45,192.168.1.137,80,494,1267
2026-06-22 08:43:50,192.168.1.43,80,421,451
2026-06-22 08:43:55,192.168.1.246,4444,462,983
2026-06-22 08:44:00,192.168.1.176,9999,398,857
2026-06-22 08:44:05,192.168.1.39,22,493,1397
2026-06-22 08:44:10,192.168.1.221,22,583,496
2026-06-22 08:44:15,192.168.1.170,22,497,1027
2026-06-22 08:44:20,192.168.1.247,9999,736,881
2026-06-22 08:44:25,192.168.1.26,9999,542,1440
2026-06-22 08:44:30,192.168.1.99,4444,522,1179
2026-06-22 08:44:35,192.168.1.50,80,409,824
2026-06-22 08:44:40,192.168.1.153,4444,476,1256
2026-06-22 08:44:45,192.168.1.152,4444,422,883
2026-06-22 08:44:50,192.168.1.13,9999,283,1299
2026-06-22 08:44:55,192.168.1.60,22,597,928
2026-06-22 08:45:00,192.168.1.250,443,448,1316
2026-06-22 08:45:05,192.168.1.135,80,423,1130
2026-06-22 08:45:10,192.168.1.57,9999,521,1978
2026-06-22 08:45:15,192.168.1.36,22,551,984
2026-06-22 08:45:20,192.168.1.173,443,467,1114
2026-06-22 08:45:25,192.168.1.20,443,499,856
2026-06-22 08:45:30,192.168.1.65,9999,574,1000
2026-06-22 08:45:35,192.168.1.8,3389,463,189
2026-06-22 08:45:40,192.168.1.238,80,530,1139
2026-06-22 08:45:45,192.168.1.144,443,334,1402
2026-06-22 08:45:50,192.168.1.142,9999,375,1118
2026-06-22 08:45:55,192.168.1.204,9999,560,605
2026-06-22 08:46:00,192.168.1.115,22,370,759
2026-06-22 08:46:05,192.168.1.215,3389,523,270
2026-06-22 08:46:10,192.168.1.143,80,485,1293
2026-06-22 08:46:15,192.168.1.92,4444,463,698
2026-06-22 08:46:20,192.168.1.98,22,417,991
2026-06-22 08:46:25,192.168.1.66,443,590,953
2026-06-22 08:46:30,192.168.1.32,443,672,1446
2026-06-22 08:46:35,192.168.1.215,22,530,1025
2026-06-22 08:46:40,192.168.1.191,9999,532,1242
2026-06-22 08:46:45,192.168.1.86,443,431,1163
2026-06-22 08:46:50,192.168.1.51,3389,380,1407
2026-06-22 08:46:55,192.168.1.153,80,496,928
2026-06-22 08:47:00,192.168.1.186,3389,402,1560
2026-06-22 08:47:05,192.168.1.63,443,322,404
2026-06-22 08:47:10,192.168.1.190,4444,580,1257
2026-06-22 08:47:15,192.168.1.125,80,585,740
2026-06-22 08:47:20,192.168.1.150,80,414,852
2026-06-22 08:47:25,192.168.1.58,22,524,1170
2026-06-22 08:47:30,192.168.1.58,22,600,1168
2026-06-22 08:47:35,192.168.1.86,4444,520,1181
2026-06-22 08:47:40,192.168.1.49,9999,380,584
2026-06-22 08:47:45,192.168.1.180,80,476,1434
2026-06-22 08:47:50,192.168.1.170,4444,632,729
2026-06-22 08:47:55,192.168.1.70,22,524,769
2026-06-22 08:48:00,192.168.1.15,22,553,1191
2026-06-22 08:48:05,192.168.1.54,80,534,913
2026-06-22 08:48:10,192.168.1.235,3389,414,1092
2026-06-22 08:48:15,192.168.1.188,443,437,353
2026-06-22 08:48:20,192.168.1.101,22,533,1085
2026-06-22 08:48:25,192.168.1.225,9999,581,1065
2026-06-22 08:48:30,192.168.1.8,9999,609,847
2026-06-22 08:48:35,192.168.1.53,22,414,377
2026-06-22 08:48:40,192.168.1.60,3389,543,936
2026-06-22 08:48:45,192.168.1.236,3389,618,988
2026-06-22 08:48:50,192.168.1.108,4444,401,889
2026-06-22 08:48:55,192.168.1.5,9999,648,449
2026-06-22 08:49:00,192.168.1.103,4444,663,1478
2026-06-22 08:49:05,192.168.1.196,9999,762,808
2026-06-22 08:49:10,192.168.1.6,443,523,933
2026-06-22 08:49:15,192.168.1.109,443,523,277
2026-06-22 08:49:20,192.168.1.224,80,582,1478
2026-06-22 08:49:25,192.168.1.116,4444,579,860
2026-06-22 08:49:30,192.168.1.94,22,612,1029
2026-06-22 08:49:35,192.168.1.47,4444,578,1336
2026-06-22 08:49:40,192.168.1.99,22,489,797
2026-06-22 08:49:45,192.168.1.55,3389,622,1288
2026-06-22 08:49:50,192.168.1.168,4444,392,381
2026-06-22 08:49:55,192.168.1.52,3389,500,1165
2026-06-22 08:50:00,192.168.1.144,443,656,1471
2026-06-22 08:50:05,192.168.1.13,443,374,825
2026-06-22 08:50:10,192.168.1.114,80,432,1335
2026-06-22 08:50:15,192.168.1.124,4444,567,1550
2026-06-22 08:50:20,192.168.1.106,3389,539,923
2026-06-22 08:50:25,192.168.1.158,22,412,898
2026-06-22 08:50:30,192.168.1.147,443,458,730
2026-06-22 08:50:35,192.168.1.145,443,381,847
2026-06-22 08:50:40,192.168.1.120,22,598,755
2026-06-22 08:50:45,192.168.1.63,3389,474,730
2026-06-22 08:50:50,192.168.1.19,3389,679,1359
2026-06-22 08:50:55,192.168.1.92,4444,508,763
2026-06-22 08:51:00,192.168.1.58,4444,478,1077
2026-06-22 08:51:05,192.168.1.183,9999,468,1011
2026-06-22 08:51:10,192.168.1.90,9999,475,1449
2026-06-22 08:51:15,192.168.1.229,80,511,849
2026-06-22 08:51:20,192.168.1.218,443,751,1114
2026-06-22 08:51:25,192.168.1.117,4444,466,1237
2026-06-22 08:51:30,192.168.1.62,3389,469,1446
2026-06-22 08:51:35,192.168.1.23,22,506,844
2026-06-22 08:51:40,192.168.1.127,3389,609,814
2026-06-22 08:51:45,192.168.1.137,443,357,681
2026-06-22 08:51:50,192.168.1.140,9999,545,1670
2026-06-22 08:51:55,192.168.1.245,3389,418,1415
2026-06-22 08:52:00,192.168.1.129,80,555,987
2026-06-22 08:52:05,192.168.1.58,443,450,1579
2026-06-22 08:52:10,192.168.1.122,9999,269,969
2026-06-22 08:52:15,192.168.1.1,22,536,1217
2026-06-22 08:52:20,192.168.1.239,9999,536,1003
2026-06-22 08:52:25,192.168.1.34,80,442,1119
2026-06-22 08:52:30,192.168.1.96,443,436,1087
2026-06-22 08:52:35,192.168.1.126,22,368,872
2026-06-22 08:52:40,192.168.1.118,80,577,1327
2026-06-22 08:52:45,192.168.1.48,9999,588,1214
2026-06-22 08:52:50,192.168.1.89,80,412,1308
2026-06-22 08:52:55,192.168.1.232,443,446,1096
2026-06-22 08:53:00,192.168.1.237,4444,493,728
2026-06-22 08:53:05,192.168.1.117,80,727,1512
2026-06-22 08:53:10,192.168.1.129,80,554,921
2026-06-22 08:53:15,192.168.1.16,9999,405,1109
2026-06-22 08:53:20,192.168.1.189,9999,530,1190
2026-06-22 08:53:25,192.168.1.231,22,362,1107
2026-06-22 08:53:30,192.168.1.192,9999,571,1274
2026-06-22 08:53:35,192.168.1.191,3389,667,1322
2026-06-22 08:53:40,192.168.1.69,443,667,932
2026-06-22 08:53:45,192.168.1.22,443,573,1487
2026-06-22 08:53:50,192.168.1.93,4444,441,919
2026-06-22 08:53:55,192.168.1.247,4444,369,1101
2026-06-22 08:54:00,192.168.1.195,443,359,883
2026-06-22 08:54:05,192.168.1.76,4444,219,797
2026-06-22 08:54:10,192.168.1.154,22,569,1313
2026-06-22 08:54:15,192.168.1.144,9999,489,1936
2026-06-22 08:54:20,192.168.1.179,443,590,891
2026-06-22 08:54:25,192.168.1.229,4444,642,1364
2026-06-22 08:54:30,192.168.1.86,443,509,902
2026-06-22 08:54:35,192.168.1.185,3389,514,996
2026-06-22 08:54:40,192.168.1.29,80,453,1527
2026-06-22 08:54:45,192.168.1.206,9999,465,677
2026-06-22 08:54:50,192.168.1.220,443,572,598
2026-06-22 08:54:55,192.168.1.69,80,482,973
2026-06-22 08:55:00,192.168.1.47,4444,468,1199
2026-06-22 08:55:05,192.168.1.241,80,498,1139
2026-06-22 08:55:10,192.168.1.94,9999,588,1108
2026-06-22 08:55:15,192.168.1.238,443,430,1010
2026-06-22 08:55:20,192.168.1.190,3389,493,1235
2026-06-22 08:55:25,192.168.1.244,4444,524,125
2026-06-22 08:55:30,192.168.1.197,443,616,774
2026-06-22 08:55:35,192.168.1.204,9999,476,971
2026-06-22 08:55:40,192.168.1.144,4444,428,1211
2026-06-22 08:55:45,192.168.1.218,22,451,1446
2026-06-22 08:55:50,192.168.1.218,80,605,734
2026-06-22 08:55:55,192.168.1.176,9999,703,1437
2026-06-22 08:56:00,192.168.1.85,22,368,864
2026-06-22 08:56:05,192.168.1.39,443,390,961
2026-06-22 08:56:10,192.168.1.100,3389,483,1174
2026-06-22 08:56:15,192.168.1.33,4444,511,939
2026-06-22 08:56:20,192.168.1.254,80,578,1333
2026-06-22 08:56:25,192.168.1.222,4444,410,878
2026-06-22 08:56:30,192.168.1.101,443,393,883
2026-06-22 08:56:35,192.168.1.23,4444,513,1315
2026-06-22 08:56:40,192.168.1.250,80,474,771
2026-06-22 08:56:45,192.168.1.10,443,592,1074
2026-06-22 08:56:50,192.168.1.246,4444,548,501
2026-06-22 08:56:55,192.168.1.69,3389,555,1545
2026-06-22 08:57:00,192.168.1.100,9999,489,1361
2026-06-22 08:57:05,192.168.1.34,443,735,1825
2026-06-22 08:57:10,192.168.1.180,9999,416,1401
2026-06-22 08:57:15,192.168.1.223,443,561,661
2026-06-22 08:57:20,192.168.1.138,3389,373,1200
2026-06-22 08:57:25,192.168.1.250,9999,392,724
2026-06-22 08:57:30,192.168.1.147,22,439,1473
2026-06-22 08:57:35,192.168.1.186,80,662,669
2026-06-22 08:57:40,192.168.1.96,22,526,655
2026-06-22 08:57:45,192.168.1.1,4444,440,517
2026-06-22 08:57:50,192.168.1.248,3389,537,853
2026-06-22 08:57:55,192.168.1.69,22,503,793
2026-06-22 08:58:00,192.168.1.237,443,450,621
2026-06-22 08:58:05,192.168.1.4,4444,360,1596
2026-06-22 08:58:10,192.168.1.16,4444,643,1158
2026-06-22 08:58:15,192.168.1.24,22,520,1123
2026-06-22 08:58:20,192.168.1.80,22,717,1476
2026-06-22 08:58:25,192.168.1.247,3389,594,1076
2026-06-22 08:58:30,192.168.1.2,80,555,775
2026-06-22 08:58:35,192.168.1.241,22,456,489
2026-06-22 08:58:40,192.168.1.220,22,390,758
2026-06-22 08:58:45,192.168.1.128,9999,478,1451
2026-06-22 08:58:50,192.168.1.160,443,387,623
2026-06-22 08:58:55,192.168.1.219,9999,565,1105
2026-06-22 08:59:00,192.168.1.84,9999,663,1310
2026-06-22 08:59:05,192.168.1.152,4444,473,1085
2026-06-22 08:59:10,192.168.1.140,80,594,1119
2026-06-22 08:59:15,192.168.1.178,443,431,1196
2026-06-22 08:59:20,192.168.1.163,3389,469,1113
2026-06-22 08:59:25,192.168.1.124,3389,418,1482
2026-06-22 08:59:30,192.168.1.33,22,286,687
2026-06-22 08:59:35,192.168.1.161,22,496,1072
2026-06-22 08:59:40,192.168.1.189,3389,512,454
2026-06-22 08:59:45,192.168.1.179,22,606,377
2026-06-22 08:59:50,192.168.1.171,80,579,975
2026-06-22 08:59:55,192.168.1.101,9999,580,1163
2026-06-22 09:00:00,192.168.1.12,22,402,1489
2026-06-22 09:00:05,192.168.1.67,4444,545,1725
2026-06-22 09:00:10,192.168.1.65,22,658,1395
2026-06-22 09:00:15,192.168.1.161,443,537,1218
2026-06-22 09:00:20,192.168.1.168,80,682,1047
2026-06-22 09:00:25,192.168.1.74,443,701,540
2026-06-22 09:00:30,192.168.1.43,443,473,956
2026-06-22 09:00:35,192.168.1.44,4444,430,1387
2026-06-22 09:00:40,192.168.1.29,80,423,1269
2026-06-22 09:00:45,192.168.1.141,80,348,614
2026-06-22 09:00:50,192.168.1.12,80,448,1184
2026-06-22 09:00:55,192.168.1.95,80,620,1158
2026-06-22 09:01:00,192.168.1.46,80,279,1104
2026-06-22 09:01:05,192.168.1.130,4444,396,991
2026-06-22 09:01:10,192.168.1.253,22,487,1199
2026-06-22 09:01:15,192.168.1.243,443,412,1209
2026-06-22 09:01:20,192.168.1.242,80,447,807
2026-06-22 09:01:25,192.168.1.35,22,448,1136
2026-06-22 09:01:30,192.168.1.215,22,474,943
2026-06-22 09:01:35,192.168.1.81,443,427,553
2026-06-22 09:01:40,192.168.1.90,4444,418,831
2026-06-22 09:01:45,192.168.1.8,3389,593,530
2026-06-22 09:01:50,192.168.1.93,3389,604,1294
2026-06-22 09:01:55,192.168.1.154,22,361,1106
2026-06-22 09:02:00,192.168.1.202,9999,224,893
2026-06-22 09:02:05,192.168.1.90,9999,606,1426
2026-06-22 09:02:10,192.168.1.254,443,377,1020
2026-06-22 09:02:15,192.168.1.162,3389,521,570
2026-06-22 09:02:20,192.168.1.115,22,343,868
2026-06-22 09:02:25,192.168.1.105,4444,629,1489
2026-06-22 09:02:30,192.168.1.135,3389,754,799
2026-06-22 09:02:35,192.168.1.196,22,518,1082
2026-06-22 09:02:40,192.168.1.58,22,490,1223
2026-06-22 09:02:45,192.168.1.245,80,467,1176
2026-06-22 09:02:50,192.168.1.114,4444,578,1734
2026-06-22 09:02:55,192.168.1.237,80,556,647
2026-06-22 09:03:00,192.168.1.75,443,600,677
2026-06-22 09:03:05,192.168.1.157,80,437,652
2026-06-22 09:03:10,192.168.1.120,80,534,911
2026-06-22 09:03:15,192.168.1.164,3389,445,1329
2026-06-22 09:03:20,192.168.1.217,9999,394,690
2026-06-22 09:03:25,192.168.1.21,22,495,1334
2026-06-22 09:03:30,192.168.1.253,4444,407,1010
2026-06-22 09:03:35,192.168.1.249,80,617,667
2026-06-22 09:03:40,192.168.1.164,4444,413,474
2026-06-22 09:03:45,192.168.1.138,9999,536,541
2026-06-22 09:03:50,192.168.1.101,9999,439,800
2026-06-22 09:03:55,192.168.1.201,80,527,949
2026-06-22 09:04:00,192.168.1.152,443,447,1403
2026-06-22 09:04:05,192.168.1.192,80,374,1239
2026-06-22 09:04:10,192.168.1.227,3389,548,748
2026-06-22 09:04:15,192.168.1.177,22,476,1122
2026-06-22 09:04:20,192.168.1.99,443,528,1495
2026-06-22 09:04:25,192.168.1.240,80,457,1562
2026-06-22 09:04:30,192.168.1.36,4444,367,905
2026-06-22 09:04:35,192.168.1.210,443,608,1287
2026-06-22 09:04:40,192.168.1.241,443,573,1416
2026-06-22 09:04:45,192.168.1.231,80,443,547
2026-06-22 09:04:50,192.168.1.96,443,506,846
2026-06-22 09:04:55,192.168.1.152,4444,604,1666
2026-06-22 09:05:00,192.168.1.151,9999,454,909
2026-06-22 09:05:05,192.168.1.190,443,469,121
2026-06-22 09:05:10,192.168.1.224,9999,524,963
2026-06-22 09:05:15,192.168.1.37,4444,454,1337
2026-06-22 09:05:20,192.168.1.12,80,585,1001
2026-06-22 09:05:25,192.168.1.113,22,483,1214
2026-06-22 09:05:30,192.168.1.183,443,421,1281
2026-06-22 09:05:35,192.168.1.13,22,560,893
2026-06-22 09:05:40,192.168.1.23,4444,385,844
2026-06-22 09:05:45,192.168.1.217,443,701,1046
2026-06-22 09:05:50,192.168.1.99,9999,658,1053
2026-06-22 09:05:55,192.168.1.105,3389,551,1016
2026-06-22 09:06:00,192.168.1.30,22,542,1028
2026-06-22 09:06:05,192.168.1.17,443,538,775
2026-06-22 09:06:10,192.168.1.113,22,451,1225
2026-06-22 09:06:15,192.168.1.62,443,529,1179
2026-06-22 09:06:20,192.168.1.84,80,407,599
2026-06-22 09:06:25,192.168.1.112,9999,550,883
2026-06-22 09:06:30,192.168.1.217,22,586,1027
2026-06-22 09:06:35,192.168.1.86,3389,462,839
2026-06-22 09:06:40,192.168.1.141,3389,440,1191
2026-06-22 09:06:45,192.168.1.187,4444,378,979
2026-06-22 09:06:50,192.168.1.19,443,645,1050
2026-06-22 09:06:55,192.168.1.177,22,448,879
2026-06-22 09:07:00,192.168.1.100,4444,480,402
2026-06-22 09:07:05,192.168.1.140,22,530,384
2026-06-22 09:07:10,192.168.1.189,443,528,1176
2026-06-22 09:07:15,192.168.1.233,3389,574,1080
2026-06-22 09:07:20,192.168.1.147,80,462,1131
2026-06-22 09:07:25,192.168.1.76,3389,386,1040
2026-06-22 09:07:30,192.168.1.9,4444,368,1064
2026-06-22 09:07:35,192.168.1.199,9999,442,1290
2026-06-22 09:07:40,192.168.1.28,80,404,1133
2026-06-22 09:07:45,192.168.1.206,4444,469,1312
2026-06-22 09:07:50,192.168.1.223,443,630,1051
2026-06-22 09:07:55,192.168.1.128,80,462,909
2026-06-22 09:08:00,192.168.1.52,4444,462,1058
2026-06-22 09:08:05,192.168.1.83,443,498,749
2026-06-22 09:08:10,192.168.1.250,3389,459,886
2026-06-22 09:08:15,192.168.1.111,9999,493,1053
2026-06-22 09:08:20,192.168.1.144,443,554,1049
2026-06-22 09:08:25,192.168.1.117,22,588,968
2026-06-22 09:08:30,192.168.1.69,443,600,583
2026-06-22 09:08:35,192.168.1.99,443,705,1190
2026-06-22 09:08:40,192.168.1.140,9999,556,1250
2026-06-22 09:08:45,192.168.1.25,22,723,1493
2026-06-22 09:08:50,192.168.1.180,4444,422,1132
2026-06-22 09:08:55,192.168.1.123,4444,709,1000
2026-06-22 09:09:00,192.168.1.213,443,461,696
2026-06-22 09:09:05,192.168.1.228,22,471,1447
2026-06-22 09:09:10,192.168.1.53,22,488,1074
2026-06-22 09:09:15,192.168.1.151,9999,478,1058
2026-06-22 09:09:20,192.168.1.144,3389,508,923
2026-06-22 09:09:25,192.168.1.57,4444,441,904
2026-06-22 09:09:30,192.168.1.39,9999,582,1206
2026-06-22 09:09:35,192.168.1.109,80,444,693
2026-06-22 09:09:40,192.168.1.181,4444,565,1487
2026-06-22 09:09:45,192.168.1.42,9999,652,1422
2026-06-22 09:09:50,192.168.1.186,4444,464,893
2026-06-22 09:09:55,192.168.1.167,3389,579,740
2026-06-22 09:10:00,192.168.1.142,80,555,395
2026-06-22 09:10:05,192.168.1.223,3389,725,624
2026-06-22 09:10:10,192.168.1.122,80,449,1218
2026-06-22 09:10:15,192.168.1.133,443,579,1094
2026-06-22 09:10:20,192.168.1.163,9999,337,1148
2026-06-22 09:10:25,192.168.1.215,80,450,446
2026-06-22 09:10:30,192.168.1.221,3389,535,881
2026-06-22 09:10:35,192.168.1.235,4444,639,1410
2026-06-22 09:10:40,192.168.1.75,80,377,971
2026-06-22 09:10:45,192.168.1.146,9999,578,618
2026-06-22 09:10:50,192.168.1.239,80,493,966
2026-06-22 09:10:55,192.168.1.76,22,347,768
2026-06-22 09:11:00,192.168.1.9,4444,518,1100
2026-06-22 09:11:05,192.168.1.74,9999,670,1006
2026-06-22 09:11:10,192.168.1.186,9999,387,1162
2026-06-22 09:11:15,192.168.1.236,443,489,634
2026-06-22 09:11:20,192.168.1.145,3389,401,865
2026-06-22 09:11:25,192.168.1.253,443,453,1327
2026-06-22 09:11:30,192.168.1.230,9999,643,593
2026-06-22 09:11:35,192.168.1.7,4444,472,699
2026-06-22 09:11:40,192.168.1.174,80,640,1059
2026-06-22 09:11:45,192.168.1.141,80,610,1086
2026-06-22 09:11:50,192.168.1.168,4444,463,853
2026-06-22 09:11:55,192.168.1.170,9999,449,916
2026-06-22 09:12:00,192.168.1.137,80,410,1159
2026-06-22 09:12:05,192.168.1.178,80,406,1254
2026-06-22 09:12:10,192.168.1.27,80,535,679
2026-06-22 09:12:15,192.168.1.122,3389,498,1109
2026-06-22 09:12:20,192.168.1.194,3389,437,1453
2026-06-22 09:12:25,192.168.1.5,22,345,965
2026-06-22 09:12:30,192.168.1.29,443,510,676
2026-06-22 09:12:35,192.168.1.165,4444,453,662
2026-06-22 09:12:40,192.168.1.166,4444,480,951
2026-06-22 09:12:45,192.168.1.83,4444,530,1310
2026-06-22 09:12:50,192.168.1.136,22,249,987
2026-06-22 09:12:55,192.168.1.240,3389,346,1056
2026-06-22 09:13:00,192.168.1.109,9999,729,701
2026-06-22 09:13:05,192.168.1.65,9999,449,1294
2026-06-22 09:13:10,192.168.1.86,22,248,656
2026-06-22 09:13:15,192.168.1.244,9999,355,848
2026-06-22 09:13:20,192.168.1.145,4444,748,1188
2026-06-22 09:13:25,192.168.1.71,443,429,388
2026-06-22 09:13:30,192.168.1.217,80,615,1052
2026-06-22 09:13:35,192.168.1.45,3389,512,688
2026-06-22 09:13:40,192.168.1.132,3389,451,1004
2026-06-22 09:13:45,192.168.1.36,22,577,894
2026-06-22 09:13:50,192.168.1.70,3389,261,1631
2026-06-22 09:13:55,192.168.1.252,4444,355,882
2026-06-22 09:14:00,192.168.1.159,9999,450,1552
2026-06-22 09:14:05,192.168.1.19,4444,365,1176
2026-06-22 09:14:10,192.168.1.189,22,441,759
2026-06-22 09:14:15,192.168.1.108,4444,585,1099
2026-06-22 09:14:20,192.168.1.182,9999,513,908
2026-06-22 09:14:25,192.168.1.167,443,633,1072
2026-06-22 09:14:30,192.168.1.91,22,519,785
2026-06-22 09:14:35,192.168.1.202,443,599,1507
2026-06-22 09:14:40,192.168.1.90,80,493,1277
2026-06-22 09:14:45,192.168.1.19,443,440,1009
2026-06-22 09:14:50,192.168.1.39,80,648,1518
2026-06-22 09:14:55,192.168.1.126,80,429,1022
2026-06-22 09:15:00,192.168.1.195,443,534,1329
2026-06-22 09:15:05,192.168.1.173,22,576,1011
2026-06-22 09:15:10,192.168.1.141,9999,584,1118
2026-06-22 09:15:15,192.168.1.242,4444,383,975
2026-06-22 09:15:20,192.168.1.220,4444,605,1028
2026-06-22 09:15:25,192.168.1.126,9999,402,1051
2026-06-22 09:15:30,192.168.1.58,80,581,799
2026-06-22 09:15:35,192.168.1.148,80,553,879
2026-06-22 09:15:40,192.168.1.220,22,581,934
2026-06-22 09:15:45,192.168.1.200,3389,379,1068
2026-06-22 09:15:50,192.168.1.61,443,558,990
2026-06-22 09:15:55,192.168.1.127,80,608,1351
2026-06-22 09:16:00,192.168.1.105,4444,519,1254
2026-06-22 09:16:05,192.168.1.167,22,418,941
2026-06-22 09:16:10,192.168.1.1,443,591,1414
2026-06-22 09:16:15,192.168.1.131,22,511,1561
2026-06-22 09:16:20,192.168.1.205,443,332,386
2026-06-22 09:16:25,192.168.1.92,443,410,1279
2026-06-22 09:16:30,192.168.1.190,9999,447,792
2026-06-22 09:16:35,192.168.1.249,80,650,1240
2026-06-22 09:16:40,192.168.1.191,22,633,1371
2026-06-22 09:16:45,192.168.1.252,22,632,736
2026-06-22 09:16:50,192.168.1.113,9999,523,444
2026-06-22 09:16:55,192.168.1.153,4444,591,1250
2026-06-22 09:17:00,192.168.1.56,4444,385,1040
2026-06-22 09:17:05,192.168.1.161,80,500,499
2026-06-22 09:17:10,192.168.1.166,80,545,1758
2026-06-22 09:17:15,192.168.1.117,3389,392,1187
2026-06-22 09:17:20,192.168.1.134,9999,520,1201
2026-06-22 09:17:25,192.168.1.58,4444,668,1409
2026-06-22 09:17:30,192.168.1.44,443,555,825
2026-06-22 09:17:35,192.168.1.173,22,591,1039
2026-06-22 09:17:40,192.168.1.160,80,254,604
2026-06-22 09:17:45,192.168.1.173,22,655,817
2026-06-22 09:17:50,192.168.1.61,22,481,1115
2026-06-22 09:17:55,192.168.1.47,3389,423,500
2026-06-22 09:18:00,192.168.1.149,4444,482,809
2026-06-22 09:18:05,192.168.1.80,80,351,721
2026-06-22 09:18:10,192.168.1.118,22,604,1042
2026-06-22 09:18:15,192.168.1.213,80,466,1172
2026-06-22 09:18:20,192.168.1.203,443,426,1222
2026-06-22 09:18:25,192.168.1.252,3389,483,1299
2026-06-22 09:18:30,192.168.1.229,443,611,1411
2026-06-22 09:18:35,192.168.1.164,80,513,1182
2026-06-22 09:18:40,192.168.1.227,80,359,1566
2026-06-22 09:18:45,192.168.1.147,4444,546,1035
2026-06-22 09:18:50,192.168.1.20,22,407,948
2026-06-22 09:18:55,192.168.1.185,22,284,1182
2026-06-22 09:19:00,192.168.1.146,443,649,935
2026-06-22 09:19:05,192.168.1.47,3389,545,1555
2026-06-22 09:19:10,192.168.1.233,4444,492,1339
2026-06-22 09:19:15,192.168.1.49,4444,465,1225
2026-06-22 09:19:20,192.168.1.14,4444,639,1039
2026-06-22 09:19:25,192.168.1.143,4444,808,877
2026-06-22 09:19:30,192.168.1.159,4444,544,1210
2026-06-22 09:19:35,192.168.1.1,4444,397,661
2026-06-22 09:19:40,192.168.1.117,4444,484,1460
2026-06-22 09:19:45,192.168.1.54,4444,543,946
2026-06-22 09:19:50,192.168.1.118,4444,265,1091
2026-06-22 09:19:55,192.168.1.3,4444,533,727
2026-06-22 09:20:00,192.168.1.144,4444,543,1216
2026-06-22 09:20:05,192.168.1.215,4444,632,863
2026-06-22 09:20:10,192.168.1.185,80,622,1194
2026-06-22 09:20:15,192.168.1.203,443,511,1227
2026-06-22 09:20:20,192.168.1.12,4444,651,805
2026-06-22 09:20:25,192.168.1.74,9999,703,662
2026-06-22 09:20:30,192.168.1.224,4444,502,1459
2026-06-22 09:20:35,192.168.1.16,22,541,942
2026-06-22 09:20:40,192.168.1.200,443,323,1067
2026-06-22 09:20:45,192.168.1.102,22,354,1145
2026-06-22 09:20:50,192.168.1.204,443,2500,623
2026-06-22 09:20:55,192.168.1.152,22,2500,1138
2026-06-22 09:21:00,192.168.1.156,4444,2500,1029
2026-06-22 09:21:05,192.168.1.117,4444,2500,806
2026-06-22 09:21:10,192.168.1.8,80,2500,653
2026-06-22 09:21:15,192.168.1.122,9999,2500,1181
2026-06-22 09:21:20,192.168.1.92,22,2500,1338
2026-06-22 09:21:25,192.168.1.164,3389,2500,1053
2026-06-22 09:21:30,192.168.1.90,80,2500,569
2026-06-22 09:21:35,192.168.1.136,22,2500,682
2026-06-22 09:21:40,192.168.1.186,22,2500,870
2026-06-22 09:21:45,192.168.1.60,80,509,1469
2026-06-22 09:21:50,192.168.1.178,4444,392,925
2026-06-22 09:21:55,192.168.1.28,22,532,859
2026-06-22 09:22:00,192.168.1.220,4444,763,497
2026-06-22 09:22:05,192.168.1.101,80,319,802
2026-06-22 09:22:10,192.168.1.41,4444,448,630
2026-06-22 09:22:15,192.168.1.228,443,432,699
2026-06-22 09:22:20,192.168.1.192,3389,456,1035
2026-06-22 09:22:25,192.168.1.155,22,601,879
2026-06-22 09:22:30,192.168.1.246,9999,554,1509
2026-06-22 09:22:35,192.168.1.191,3389,584,1323
2026-06-22 09:22:40,192.168.1.145,4444,503,817
2026-06-22 09:22:45,192.168.1.201,22,367,724
2026-06-22 09:22:50,192.168.1.161,4444,388,1414
2026-06-22 09:22:55,192.168.1.245,443,574,1498
2026-06-22 09:23:00,192.168.1.212,80,517,341
2026-06-22 09:23:05,192.168.1.205,22,626,1027
2026-06-22 09:23:10,192.168.1.220,443,529,924
2026-06-22 09:23:15,192.168.1.240,443,381,1194
